Action,Time,ISIN,Ticker,Name,No. of shares,Price / share,Currency (Price / share),Exchange rate,Total,Currency (Total),Stamp duty reserve tax,Stamp duty reserve tax (GBP),Finra fee,Finra fee (GBP),Notes,ID,Currency conversion fee
Limit buy,2023-01-15 14:30:00,US0378331005,AAPL,Apple Inc.,10,£150.25,USD,1.24,£1,211.69,GBP,0,0,0.00,0.00,,abc123def001,0
Market buy,2023-02-10 09:15:00,IE00BK5BQT80,VWCE.DE,Vanguard FTSE All-World UCITS ETF (USD) Accumulating,50,€85.20,EUR,1.14,£3,736.84,GBP,0,0,0.00,0.00,,abc123def002,0
Market buy,2023-03-05 10:45:00,US02079K3059,GOOGL,Alphabet Inc.,5,£78.50,USD,1.22,£321.72,GBP,0,0,0.01,0.01,,abc123def003,0
Dividend (Ordinary),2023-03-20 08:00:00,US0378331005,AAPL,Apple Inc.,10,£0.19,USD,1.23,£1.55,GBP,0,0,0.00,0.00,,abc123def004,0
Limit buy,2023-04-12 11:20:00,US5949181045,MSFT,Microsoft Corporation,8,£218.50,USD,1.25,£1,398.40,GBP,0,0,0.01,0.01,,abc123def005,0
Dividend (Ordinary),2023-05-18 08:00:00,IE00BK5BQT80,VWCE.DE,Vanguard FTSE All-World UCITS ETF (USD) Accumulating,50,£1.46,GBX,1.00,£0.73,GBP,0,0,0.00,0.00,,abc123def006,0
Market sell,2023-06-25 15:10:00,US0378331005,AAPL,Apple Inc.,5,£145.30,USD,1.24,£585.89,GBP,0,0,0.01,0.01,,abc123def007,0
Market buy,2023-07-10 14:45:00,US88160R1014,TSLA,Tesla Inc.,12,£190.50,USD,1.26,£1,814.29,GBP,0,0,0.01,0.01,,abc123def008,0
Market buy,2023-08-15 12:00:00,IE00BK5BQT80,VWCE.DE,Vanguard FTSE All-World UCITS ETF (USD) Accumulating,25,€88.40,EUR,1.15,£1,921.74,GBP,0,0,0.00,0.00,,abc123def009,0
Dividend (Ordinary),2023-09-05 08:00:00,US02079K3059,GOOGL,Alphabet Inc.,5,£0.16,USD,1.21,£0.66,GBP,0,0,0.00,0.00,,abc123def010,0
Market sell,2023-10-20 10:35:00,US5949181045,MSFT,Microsoft Corporation,4,£247.50,USD,1.22,£811.48,GBP,0,0,0.01,0.01,,abc123def011,0
Market sell,2023-11-12 13:30:00,US88160R1014,TSLA,Tesla Inc.,8,£176.50,USD,1.25,£1,129.60,GBP,0,0,0.01,0.01,,abc123def012,0
Dividend (Ordinary),2023-12-01 08:00:00,IE00BK5BQT80,VWCE.DE,Vanguard FTSE All-World UCITS ETF (USD) Accumulating,75,£1.52,GBX,1.00,£1.14,GBP,0,0,0.00,0.00,,abc123def013,0
Market buy,2024-01-08 11:00:00,US0378331005,AAPL,Apple Inc.,8,£136.00,USD,1.30,£836.92,GBP,0,0,0.01,0.01,,abc123def014,0
Market buy,2024-02-14 15:30:00,US67066G1040,NVDA,NVIDIA Corporation,6,£525.00,USD,1.27,£2,480.31,GBP,0,0,0.01,0.01,,abc123def015,0
Market sell,2024-03-22 09:45:00,US02079K3059,GOOGL,Alphabet Inc.,3,£109.50,USD,1.28,£256.64,GBP,0,0,0.00,0.00,,abc123def016,0
Market buy,2024-04-10 14:00:00,IE00BK5BQT80,VWCE.DE,Vanguard FTSE All-World UCITS ETF (USD) Accumulating,30,€92.75,EUR,1.16,£2,399.14,GBP,0,0,0.00,0.00,,abc123def017,0
Dividend (Ordinary),2024-05-15 08:00:00,US0378331005,AAPL,Apple Inc.,13,£0.22,USD,1.27,£2.25,GBP,0,0,0.00,0.00,,abc123def018,0
Market sell,2024-06-20 16:00:00,US67066G1040,NVDA,NVIDIA Corporation,2,£740.00,USD,1.26,£1,174.60,GBP,0,0,0.00,0.00,,abc123def019,0
Market buy,2024-07-05 10:30:00,US5949181045,MSFT,Microsoft Corporation,5,£320.00,USD,1.28,£1,250.00,GBP,0,0,0.01,0.01,,abc123def020,0
Dividend (Ordinary),2024-08-12 08:00:00,IE00BK5BQT80,VWCE.DE,Vanguard FTSE All-World UCITS ETF (USD) Accumulating,105,£1.68,GBX,1.00,£1.76,GBP,0,0,0.00,0.00,,abc123def021,0
Market buy,2024-09-25 13:15:00,US88160R1014,TSLA,Tesla Inc.,10,£140.50,USD,1.29,£1,089.15,GBP,0,0,0.01,0.01,,abc123def022,0
Market sell,2024-10-18 15:45:00,US0378331005,AAPL,Apple Inc.,8,£172.00,USD,1.27,£1,083.46,GBP,0,0,0.01,0.01,,abc123def023,0
Market buy,2024-11-08 12:00:00,US02079K3059,GOOGL,Alphabet Inc.,4,£132.00,USD,1.26,£419.05,GBP,0,0,0.00,0.00,,abc123def024,0
Dividend (Ordinary),2024-12-15 08:00:00,US5949181045,MSFT,Microsoft Corporation,9,£0.70,USD,1.25,£5.04,GBP,0,0,0.00,0.00,,abc123def025,0
Market buy,2016-01-15 09:00:00,IE00BK5BQT80,VWCE.DE,Vanguard FTSE All-World UCITS ETF (USD) Accumulating,10,€52.00,EUR,1.33,£391.00,GBP,0,0,0.00,0.00,,abc123def026,0